Id,Pilot,Gender,Nat,SS,ES,Time,km/h,Distance,Dist.,Time.1,Score,Task,Unnamed: 2,Altitude,Adj.,GliderClass,Row,Flight Num,Date,Site,Launch Time,Flight Time,OLC Speed,Start Height,Height Over Start,Max Height,Landing Height,Height Gain,Height Difference,Min Vario,Max Vario,Max Gforce,OLC points,OLC km,ID,Glider,GPS,Start Time (UTC),UTC Correction,Landing Time,IGC File name,Flight Duration (hr),Made Goal,cumulative_score
9.0,Austin Kasserman,M,USA,12:40:36,16:42:56,04:02:20,42.9,175.3,550.4,449.6,1000.0,1,,,,D,6,6,07.08.2022,,12:18:02,04:40:54,0.0,102,2313,2415,265,13599,-163,-5.0,4.4,0,278.16,185.4,,Zeno2 Ozone,"Flyskyhy,7.3.2",17:18:02,-05:00:00,21:58:56,Austin Kasserman 2022-08-07-XFH-000-01.IGC,4.7,True,1000.0
23.0,Andrew Dahl,M,USA,13:10:54,17:23:50,04:12:56,41.1,175.3,550.4,360.7,911.0,1,,,,D,14,14,07.08.2022,,12:47:45,04:50:26,0.0,100,2157,2257,252,14037,-152,-4.8,6.4,0,281.4,187.6,NKN,NKN,"Flymaster,DS",17:47:45,-05:00:00,22:38:11,Andrew Dahl 2022-08-07_17_47_22.igc,4.8,True,911.0
27.0,David Siljeg,M,CRO,13:26:39,17:42:46,04:16:07,40.6,175.3,550.4,343.7,894.0,1,,,,C,17,17,07.08.2022,Hearne,13:05:35,04:50:03,0.0,91,2163,2254,257,13823,-166,-9.2,6.0,0,278.01,185.3,,OZONE Delta 4,samsung SM-G998U1 12 FW:0.9.8.1-beta,18:05:35,-05:00:00,22:55:38,David Siljeg 2500843.igc,4.8,True,894.0
40.0,Tyler Burns,M,USA,12:54:06,17:20:35,04:26:29,39.0,175.3,550.4,295.7,846.0,1,,,,D,8,8,07.08.2022,,12:28:50,05:05:39,0.0,91,2436,2527,253,15708,-162,-13.2,6.2,0,279.19,186.1,,Ozone Zeolite GT,"Flyskyhy,7.3.2",17:28:50,-05:00:00,22:34:29,Tyler Burns 2022-08-07-XFH-000-01.IGC,5.1,True,846.0
21.0,Josh Mcveigh,M,USA,12:52:49,17:32:23,04:39:34,37.2,175.3,550.4,244.2,795.0,1,,,,C,11,11,07.08.2022,,12:33:33,05:04:23,0.0,86,2246,2332,826,14774,-740,-4.4,6.2,0,277.65,185.1,,Air Design Volt 4,"Flyskyhy,7.3.2",17:33:33,-05:00:00,22:37:56,Josh McVeigh 2022-08-07-XFH-000-01.IGC,5.1,True,795.0
30.0,Max Montgomery,M,USA,12:10:30,16:52:04,04:41:34,36.9,175.3,550.4,236.9,787.0,1,,,,D,1,1,07.08.2022,Hearne,11:52:27,05:19:07,35.23,89,2073,2162,264,14667,-175,-5.8,7.4,0,281.07,187.4,,OZONE Zeno,Google Pixel 6 12 FW:0.9.7.6,16:52:27,-05:00:00,22:11:34,Max Montgomery 2022-08-07-XCT-MMO-01.igc,5.3,True,787.0
48.0,Chandler Papas,M,USA,12:54:42,17:54:08,04:59:26,34.7,175.3,550.4,176.4,727.0,1,,,,C,10,10,07.08.2022,,12:33:01,05:28:29,0.0,92,2039,2131,259,15561,-167,-5.0,5.4,0,277.23,184.8,NKN,Gin Camino,"Naviter,Oudie N",17:33:01,-05:00:00,23:01:30,Chandler Papas 2022-08-07-XNA-150644-02.igc,5.5,True,727.0
20.0,Chris Lee,M,USA,12:27:46,17:31:03,05:03:17,34.3,175.3,550.4,164.3,715.0,1,,,,D,4,4,07.08.2022,Hearne,12:04:43,05:32:18,0.0,83,2307,2390,963,15019,-880,-6.2,6.2,0,281.79,187.9,,ADVANCE Omega XAlps 3,motorola moto g(7) power 10 FW:0.9.7.6,17:04:43,-05:00:00,22:37:01,Chris Lee 2022-08-07-XCT-CLE-01.igc,5.5,True,715.0
44.0,Felix Figueroa,M,USA,12:26:02,17:30:52,05:04:50,34.1,175.3,550.4,159.5,710.0,1,,,,D,3,3,07.08.2022,Hearne,12:04:10,05:32:53,0.0,85,2055,2140,242,13710,-157,-4.8,5.4,0,276.83,184.6,,GIN GLIDERS Puma,samsung SM-G973U 12 FW:0.9.8.1-beta,17:04:10,-05:00:00,22:37:03,Felix Figueroa 2022-08-07-XCT-FFI-01.igc,5.5,True,710.0
45.0,Thomas Mccormick,M,USA,12:27:33,17:32:37,05:05:04,34.1,175.3,550.4,158.8,709.0,1,,,,C,5,5,07.08.2022,,12:09:18,05:33:50,0.0,87,2167,2254,251,13580,-164,-4.8,7.0,0,277.27,184.8,NKN,NKN,"Flymaster,DS",17:09:18,-05:00:00,22:43:08,Tom McCormick 2022-08-07_17_09_01.igc,5.6,True,709.0
35.0,David Prentice,M,USA,13:40:00,,,,162.43,510,,510.0,1,,,,C,18,18,07.08.2022,,13:16:48,04:46:48,0.0,98,2014,2112,245,12391,-147,-4.4,5.8,0,260.85,173.9,,Default,Oudie 4 HW:1.0,18:16:48,-05:00:00,23:03:36,David Prentice 2022-08-07-XCM-I1S-01.igc,4.8,False,510.0
13.0,Ben Parker,M,USA,12:40:29,,,,120.13,377.2,,377.0,1,,,,C,7,7,07.08.2022,Unknown,12:19:19,03:36:59,0.0,87,1872,1959,249,8947,-162,-5.5,5.0,0,197.92,131.9,,,FW:202206271341 HW:2.1,17:19:19,-05:00:00,20:56:18,Ben Parker 2022-08-07_12.19_Unknown.igc,3.6,False,377.0
4.0,Esau Diaz,M,USA,13:50:41,,,,112.02,351.7,,352.0,1,,,,C,20,20,07.08.2022,,13:28:43,03:36:53,0.0,86,1977,2063,191,9355,-105,-5.2,5.6,0,180.76,120.5,,Default,"Oudie 4 Full,R",18:28:43,-05:00:00,22:05:36,Esau Diaz 2022-08-07-XCM-KZS-02.igc,3.6,False,352.0
10.0,Moacir Thiele,M,USA,14:59:28,,,,109.8,344.8,,345.0,1,,,,C,12,12,07.08.2022,,12:39:16,02:26:58,0.0,96,1946,2042,163,6769,-67,-5.2,5.6,0,123.92,82.6,,777 QUEEN 2 Evo,"Flyskyhy,7.3.2",17:39:16,-05:00:00,20:06:14,Moacir Thiele 2022-08-07-XFH-000-01.IGC,2.4,False,345.0
18.0,Rick Fullmer,M,USA,14:59:28,,,,109.8,344.8,,345.0,1,,,,C,25,25,07.08.2022,,14:26:22,03:52:06,33.54,92,2382,2474,183,8683,-91,-5.2,6.6,0,194.62,129.7,NKN,NKN,"Flymaster,GPSSD,B203",19:26:22,-05:00:00,23:18:28,Rick Fullmer 220807192622.igc,3.9,False,345.0
8.0,Shawn Scott,M,USA,14:33:20,,,,96.12,301.8,,302.0,1,,,,D,23,23,07.08.2022,,14:17:10,02:55:45,0.0,120,1819,1939,119,7797,1,-4.8,5.4,0,158.84,105.9,NKN,Gin Leopard,"Naviter,Oudie N",19:17:10,-05:00:00,22:12:55,shawn scott 2022-08-07-XNA-150094-01.igc,2.9,False,302.0
3.0,Robert Simpson,M,USA,12:54:47,,,,75.19,236.1,,236.0,1,,,,B,9,9,07.08.2022,,12:29:33,02:46:28,0.0,86,1891,1977,148,8051,-62,-4.4,8.6,0,125.83,83.9,,Ozone Rush 4,"Flyskyhy,7.3.2",17:29:33,-05:00:00,20:16:01,Robert Simpson 2022-08-07-XFH-000-01.IGC,2.8,False,236.0
37.0,Gokcen Buyukbas,F,USA,15:26:23,,,,64.66,203,,203.0,1,,,,C,28,28,07.08.2022,,15:08:42,02:05:25,0.0,95,2300,2395,161,5354,-66,-6.6,5.2,0,106.97,71.3,,Ozone Alpina 4,"Flyskyhy,7.3.2",20:08:42,-05:00:00,22:14:07,Gokcen Buyukbas 2022-08-07-XFH-000-01.IGC,2.1,False,203.0
49.0,Dustin Pachura,M,USA,13:10:27,,,,54.71,171.8,,172.0,1,,,,C,16,16,07.08.2022,,12:53:47,01:57:31,0.0,84,1757,1841,104,5161,-20,-5.2,6.0,0,97.92,65.3,NKN,NKN,"Flymaster,LIVESD,B311",17:53:47,-05:00:00,19:51:18,Dustin Pachura 220807175333.igc,2.0,False,172.0
47.0,Zakey Faieq,M,USA,16:01:37,,,,43.62,137,,137.0,1,,,,B,31,31,07.08.2022,Hearne,15:36:00,01:49:28,0.0,83,2288,2371,116,4710,-33,-4.4,5.0,0,79.16,52.8,,GIN GLIDERS Calypso,Google Pixel 6 12 FW:0.9.7.6,20:36:00,-05:00:00,22:25:28,Zakey Faieq 2022-08-07-XCT-ZFX-03.igc,1.8,False,137.0
12.0,Valter Castilho,M,USA,12:28:04,,,,42.02,131.9,,132.0,1,,,,C,2,2,07.08.2022,,12:01:42,01:44:15,0.0,87,1924,2011,112,4230,-25,-4.4,5.8,0,78.13,52.1,NKN,NKN,"Flymaster,LiveSD,B301",17:01:42,-05:00:00,18:45:57,Valter Castilho 2022-08-07 17_01_27.igc,1.7,False,132.0
41.0,Brandon Brantley,M,USA,13:43:10,,,,22.0,69.1,,69.0,1,,,,B,19,19,07.08.2022,,13:24:29,01:12:40,0.0,91,1587,1678,138,3586,-47,-4.4,6.6,0,45.04,30.0,,,"Flyskyhy,7.3.2",18:24:29,-05:00:00,19:37:09,Brandon Brantley 2022-08-07-XFH-000-01.IGC,1.2,False,69.0
2.0,Jaime Vargas,M,COL,13:10:27,,,,17.59,55.2,,55.0,1,,,,B,15,15,07.08.2022,Hearne Municipal Airport-US,12:52:07,00:55:00,0.0,214,1447,1661,121,2340,93,-4.2,5.0,0,37.08,24.7,,161Ozone Delta 3 WBWG,"FLYMASTER,LIVE",17:52:07,-05:00:00,18:47:07,Jaime Vargas 8722.igc,0.9,False,55.0
25.0,Andria Lea,F,USA,14:37:39,,,,17.24,54.1,,54.0,1,,,,C,24,24,07.08.2022,,14:20:32,01:02:13,0.0,91,1497,1588,122,2730,-31,-4.6,6.4,0,37.76,25.2,,Triple Seven Queen 3,"Flyskyhy,7.3.2",19:20:32,-05:00:00,20:22:45,Andria Lea 2022-08-07-XFH-000-01.IGC,1.0,False,54.0
34.0,Christopher Dunlap,M,USA,,,,,7.0,22,,22.0,1,,,,B,29,29,07.08.2022,,15:08:47,00:08:37,0.0,86,366,452,86,346,0,-4.4,4.6,0,5.56,2.8,NKN,NKN,"Flymaster,NAVSD,B302",20:08:47,-05:00:00,20:17:24,Christopher Dunlap 220807200835.igc,0.1,False,22.0
22.0,Michael Bene,M,USA,,,,,7.0,22,,22.0,1,,,,B,13,13,07.08.2022,,12:43:03,00:25:22,0.0,78,886,964,107,1275,-29,-4.0,6.8,0,9.83,6.6,,Default,"Oudie 4 Full,Y",17:43:03,-05:00:00,18:08:25,Michael Bene 2022-08-07-XCM-4YF-01.igc,0.4,False,22.0
43.0,Emily Petersen,F,USA,14:59:08,,,,7.0,22,,22.0,1,,,,B,26,26,07.08.2022,,14:30:00,00:41:29,0.0,86,997,1083,96,1678,-10,-5.0,5.2,0,21.45,14.3,,,"Flyskyhy,7.3.2",19:30:00,-05:00:00,20:11:29,Emily Petersen 2022-08-07-XFH-000-01.IGC,0.7,False,22.0
14.0,Roxanne Lopez,F,USA,,,,,7.0,22,,22.0,1,,,,B,27,27,07.08.2022,,14:49:28,00:17:14,0.0,77,540,617,90,788,-13,-4.0,4.0,0,8.19,4.7,NKN,Nova Ion 4,"Naviter,Oudie N",19:49:28,-05:00:00,20:06:42,Roxanne Lopez 2022-08-07-XNA-150045-05.igc,0.3,False,22.0
16.0,Ioan Miftode,M,USA,,,,,7.0,22,,22.0,1,,,,B,21,21,07.08.2022,,13:40:50,00:05:58,0.0,84,373,457,88,360,-4,-5.0,5.4,0,5.33,3.0,,ARTIK 4,"Oudie 4 Full,Y",18:40:50,-05:00:00,18:46:48,ioan miftode 2022-08-07-ioan_miftode.igc,0.1,False,22.0
42.0,Corbin Petersen,M,USA,,,,,7.0,22,,22.0,1,,,,B,30,30,07.08.2022,,15:15:20,00:10:33,0.0,87,712,799,91,667,-4,-3.4,5.8,0,5.93,3.0,,,"Flyskyhy,7.3.2",20:15:20,-05:00:00,20:25:53,Corbin Petersen 2022-08-07-XFH-000-02.IGC,0.2,False,22.0
7.0,Lindsey Ripa,F,USA,,,,,7.0,22,,22.0,1,,,,C,22,22,07.08.2022,,13:53:48,00:09:27,0.0,94,339,433,107,386,-13,-2.4,4.6,0,4.21,2.8,,Air design Susi 3,"Flyskyhy,7.3.2",18:53:48,-05:00:00,19:03:15,Lindsey Ripa 2022-08-07-XFH-000-01.IGC,0.2,False,22.0
9.0,Austin Kasserman,,USA,12:32:30,17:01:27,04:28:57,39.0,176.72,568.4,431.6,1000.0,2,M,,,D,43,44,08.08.2022,,12:06:13,05:06:17,0.0,88,2605,2693,361,14721,-273,-6.6,5.2,0,284.36,189.6,,Zeno2 Ozone,"Flyskyhy,7.3.2",17:06:13,-05:00:00,22:12:30,Austin Kasserman 2022-08-08-XFH-000-01.IGC,5.1,True,2000.0
23.0,Andrew Dahl,,USA,12:31:02,17:05:23,04:34:21,38.2,176.72,568.4,379,947.0,2,M,,,D,42,42,08.08.2022,,11:54:07,05:47:08,0.0,78,2579,2657,324,16139,-246,-4.8,6.4,0,295.79,197.2,NKN,NKN,"Flymaster,DS",16:54:07,-05:00:00,22:41:15,Andrew Dahl 2022-08-08_16_53_57.igc,5.8,True,1858.0
35.0,David Prentice,,USA,13:10:51,18:09:47,04:58:56,35.1,176.72,568.4,266.8,835.0,2,M,,,C,52,52,08.08.2022,,12:45:23,05:53:00,0.0,83,2786,2869,334,16526,-251,-5.0,5.4,0,293.56,195.7,,Default,Oudie 4 HW:1.0,17:45:23,-05:00:00,23:38:23,David Prentice 2022-08-08-XCM-I1S-02.igc,5.9,True,1345.0
40.0,Tyler Burns,,USA,12:25:28,17:31:36,05:06:08,34.2,176.72,568.4,241.3,810.0,2,M,,,D,36,36,08.08.2022,,11:16:57,06:22:31,0.0,86,2607,2693,341,17976,-255,-5.8,7.6,0,285.13,190.1,,Ozone Zeolite GT,"Flyskyhy,7.3.2",16:16:57,-05:00:00,22:39:28,Tyler Burns 2022-08-08-XFH-000-01.IGC,6.4,True,1656.0
49.0,Dustin Pachura,,USA,12:50:49,18:10:30,05:19:41,32.8,176.72,568.4,197.5,766.0,2,M,,,C,46,46,08.08.2022,,12:14:13,06:11:34,0.0,82,2122,2204,328,19128,-246,-5.0,6.2,0,287.46,191.6,NKN,NKN,"Flymaster,LIVESD,B311",17:14:13,-05:00:00,23:25:47,Dustin Pachura 220808171358.igc,6.2,True,938.0
10.0,Moacir Thiele,,USA,12:25:55,17:55:59,05:30:04,31.8,176.72,568.4,166.6,735.0,2,M,,,C,44,43,08.08.2022,,12:06:17,06:13:17,0.0,88,2906,2994,333,20029,-245,-5.6,7.0,0,282.88,188.6,,777 QUEEN 2 Evo,"Flyskyhy,7.3.2",17:06:17,-05:00:00,23:19:34,Moacir Thiele 2022-08-08-XFH-000-01.IGC,6.2,True,1080.0
12.0,Valter Castilho,,USA,11:36:44,17:17:12,05:40:28,30.8,176.72,568.4,137.3,706.0,2,M,,,C,34,34,08.08.2022,,11:10:22,06:28:59,0.0,81,2861,2942,334,18518,-253,-5.8,5.6,0,286.5,191.0,NKN,NKN,"Flymaster,LiveSD,B301",16:10:22,-05:00:00,22:39:21,Valter Castilho 2022-08-08 16_10_13.igc,6.5,True,838.0
20.0,Chris Lee,,USA,12:25:21,18:14:16,05:48:55,30.0,176.72,568.4,114.6,683.0,2,M,,,D,40,40,08.08.2022,Hearne,11:33:34,07:06:42,0.0,82,2556,2638,337,18576,-255,-5.2,6.6,0,298.83,199.2,,ADVANCE Omega XAlps 3,motorola moto g(7) power 10 FW:0.9.7.6,16:33:34,-05:00:00,23:40:16,Chris Lee 2022-08-08-XCT-CLE-01.igc,7.1,True,1398.0
45.0,Thomas Mccormick,,USA,11:46:09,17:47:10,06:01:01,29.0,176.72,568.4,83.4,652.0,2,M,,,C,37,37,08.08.2022,,11:23:14,06:40:25,0.0,83,2407,2490,343,18086,-260,-5.6,6.2,0,285.43,190.3,NKN,NKN,"Flymaster,DS",16:23:14,-05:00:00,23:03:39,Thomas McCormick 2022-08-08_16_23_05.igc,6.7,True,1361.0
18.0,Rick Fullmer,,USA,12:25:36,,,,170.66,548.9,,549.0,2,M,,,C,41,41,08.08.2022,,11:39:45,06:54:18,0.0,82,2276,2358,304,16598,-222,-5.4,7.2,0,272.36,181.6,,Gin Explorer2,"Flyskyhy,7.3.2",16:39:45,-05:00:00,23:34:03,Rick Fullmer 2022-08-08-XFH-000-01.IGC,6.9,False,894.0
48.0,Chandler Papas,,USA,12:51:16,,,,168.87,543.1,,543.0,2,M,,,C,47,47,08.08.2022,,12:15:45,06:35:24,0.0,82,2419,2501,340,17989,-258,-5.0,7.8,0,291.74,194.5,NKN,Gin Camino,"Naviter,Oudie N",17:15:45,-05:00:00,23:51:09,Chandler Papas 2022-08-08-XNA-150644-04.igc,6.6,False,1270.0
37.0,Gokcen Buyukbas,,USA,13:07:58,,,,162.15,521.5,,522.0,2,F,,,C,51,51,08.08.2022,,12:42:00,05:33:48,0.0,90,2424,2514,323,14626,-233,-5.4,5.4,0,255.47,170.3,,Ozone Alpina 4,"Flyskyhy,7.3.2",17:42:00,-05:00:00,23:15:48,Gokcen Buyukbas 2022-08-08-XFH-000-04.IGC,5.6,False,725.0
47.0,Zakey Faieq,,USA,11:58:20,,,,142.45,458.2,,458.0,2,M,,,B,39,39,08.08.2022,Hearne,11:28:51,05:53:55,0.0,88,2573,2661,229,15522,-141,-6.6,6.2,0,227.96,152.0,,GIN GLIDERS Calypso,Google Pixel 6 12 FW:0.9.7.6,16:28:51,-05:00:00,22:22:46,Zakey Faieq 2022-08-08-XCT-ZFX-01.igc,5.9,False,595.0
19.0,Bob Blount,,USA,13:09:15,,,,139.43,448.5,,449.0,2,M,,,C,50,50,08.08.2022,,12:38:32,04:59:37,0.0,80,2212,2292,233,13500,-153,-5.0,6.6,0,223.55,149.0,,Default,"Oudie 4 Full,Y",17:38:32,-05:00:00,22:38:09,Bob Blount 2022-08-08-XCM-EDQ-01.igc,5.0,False,471.0
13.0,Ben Parker,,USA,13:51:07,,,,132.12,425,,425.0,2,M,,,C,56,57,08.08.2022,Unknown,13:24:56,05:17:58,0.0,82,2305,2387,307,13045,-225,-5.1,5.8,0,228.56,152.4,,,FW:202206271341 HW:2.1,18:24:56,-05:00:00,23:42:54,Ben Parker 2022-08-08_13.25_Unknown.igc,5.3,False,802.0
34.0,Christopher Dunlap,,USA,12:34:03,,,,77.4,248.9,,249.0,2,M,,,B,45,45,08.08.2022,,12:09:00,03:32:01,0.0,84,1995,2079,196,8729,-112,-4.6,5.4,0,129.31,86.2,NKN,NKN,"Flymaster,NAVSD,B302",17:09:00,-05:00:00,20:41:01,Christopher Dunlap 220808170845.igc,3.5,False,271.0
44.0,Felix Figueroa,,USA,14:08:04,,,,65.5,210.7,,211.0,2,M,,,D,59,58,08.08.2022,Hearne,13:40:51,03:05:08,0.0,88,2043,2131,179,7199,-91,-4.4,5.6,0,115.67,77.1,,GIN GLIDERS Puma,samsung SM-G973U 12 FW:0.9.8.1-beta,18:40:51,-05:00:00,21:45:59,Felix Figueroa 2022-08-08-XCT-FFI-02.igc,3.1,False,921.0
7.0,Lindsey Ripa,,USA,12:25:34,,,,43.73,140.7,,141.0,2,F,,,C,38,38,08.08.2022,,11:24:37,02:47:44,0.0,90,1647,1737,94,6990,-4,-5.2,4.6,0,84.2,56.1,,Air design Susi 3,"Flyskyhy,7.3.2",16:24:37,-05:00:00,19:12:21,Lindsey Ripa 2022-08-08-XFH-000-01.IGC,2.8,False,163.0
4.0,Esau Diaz,,USA,13:47:57,,,,41.76,134.3,,134.0,2,M,,,C,57,56,08.08.2022,,13:25:03,01:53:22,0.0,88,1796,1884,97,4770,-9,-4.6,4.6,0,78.5,52.3,,Default,"Oudie 4 Full,R",18:25:03,-05:00:00,20:18:25,Esau Diaz 2022-08-08-XCM-KZS-02.igc,1.9,False,486.0
43.0,Emily Petersen,,USA,14:12:16,,,,34.35,110.5,,111.0,2,F,,,B,60,60,08.08.2022,,13:50:16,01:54:43,0.0,84,1767,1851,119,4256,-35,-18.8,25.8,0,63.76,42.5,,,"Flyskyhy,7.3.2",18:50:16,-05:00:00,20:44:59,Emily Petersen 2022-08-08-XFH-000-02.IGC,1.9,False,133.0
3.0,Robert Simpson,,USA,13:08:04,,,,33.58,108,,108.0,2,M,,,B,48,48,08.08.2022,,12:24:56,01:54:23,0.0,89,1663,1752,119,4337,-30,-5.0,6.0,0,64.6,43.1,,Ozone Rush 4,"Flyskyhy,7.3.2",17:24:56,-05:00:00,19:19:19,Robert Simpson 2022-08-08-XFH-000-01.IGC,1.9,False,344.0
27.0,David Siljeg,,CRO,13:41:18,,,,29.42,94.6,,95.0,2,M,,,C,54,54,08.08.2022,Hearne,13:11:45,01:27:07,0.0,87,1972,2059,102,4276,-15,-5.2,7.2,0,58.54,39.0,,OZONE Delta 4,samsung SM-G998U1 12 FW:0.9.8.1-beta,18:11:45,-05:00:00,19:38:52,David Siljeg 2500965.igc,1.5,False,989.0
2.0,Jaime Vargas,,COL,13:10:36,,,,20.34,65.4,,65.0,2,M,,,B,49,49,08.08.2022,Hearne Municipal Airport-US,12:35:27,01:32:58,0.0,85,1411,1496,90,3429,-5,-4.4,5.2,0,44.67,29.8,,161Ozone Delta 3 WBWG,"FLYMASTER,LIVE",17:35:27,-05:00:00,19:08:25,Jaime Vargas-aug8.igc,1.5,False,120.0
30.0,Max Montgomery,,USA,11:37:01,,,,19.33,62.2,,62.0,2,M,,,D,33,33,08.08.2022,Hearne,11:03:45,01:18:26,0.0,86,1444,1530,114,3281,-28,-7.6,8.0,0,47.24,31.5,,OZONE Zeno,Google Pixel 6 12 FW:0.9.7.6,16:03:45,-05:00:00,17:22:11,Max Montgomery 2022-08-08-XCT-MMO-01.igc,1.3,False,849.0
8.0,Shawn Scott,,USA,11:36:49,,,,16.97,54.6,,55.0,2,M,,,D,32,32,08.08.2022,,11:00:23,01:13:28,0.0,87,1204,1291,88,2635,-1,-4.2,4.2,0,38.78,25.9,NKN,Gin Leopard,"Naviter,Oudie N",16:00:23,-05:00:00,17:13:51,shawn scott 2022-08-08-XNA-150094-01.igc,1.2,False,357.0
25.0,Andria Lea,,USA,14:07:15,,,,10.63,34.2,,34.0,2,F,,,C,61,61,08.08.2022,,13:51:13,00:37:46,0.0,89,1018,1107,189,1791,-100,-4.4,6.0,0,28.48,19.0,,Triple Seven Queen 3,"Flyskyhy,7.3.2",18:51:13,-05:00:00,19:28:59,Andria Lea 2022-08-08-XFH-000-02.IGC,0.6,False,88.0
41.0,Brandon Brantley,,USA,14:02:06,,,,7.0,22.5,,23.0,2,M,,,B,55,55,08.08.2022,,13:13:02,01:18:41,0.0,114,1899,2013,91,3086,23,-4.2,29.2,0,18.37,12.2,,Gin Calypso S,"Flyskyhy,7.3.2",18:13:02,-05:00:00,19:31:43,Brandon Brantley 2022-08-08-XFH-000-01.IGC,1.3,False,92.0
42.0,Corbin Petersen,,USA,12:03:12,,,,7.0,22.5,,23.0,2,M,,,B,35,35,08.08.2022,,11:10:59,00:52:36,0.0,86,953,1039,83,1800,3,-15.4,20.4,0,13.34,8.9,,,"Flyskyhy,7.3.2",16:10:59,-05:00:00,17:03:35,Corbin Petersen 2022-08-08-XFH-000-01.IGC,0.9,False,45.0
29.0,John Davis,,USA,,,,,7.0,22.5,,23.0,2,M,,,B,62,62,08.08.2022,John Davis Lonestar Task 2,13:56:38,01:18:00,0.0,83,1478,1561,93,37127,-10,-684.2,1452.2,0,53.53,35.7,Knight,Triple Seven,,18:56:38,-05:00:00,20:14:38,John Davis Task 2.igc,1.3,False,45.0
16.0,Ioan Miftode,,USA,,,,,7.0,22.5,,23.0,2,M,,,B,53,53,08.08.2022,,12:53:50,00:07:50,0.0,81,417,498,83,400,-2,-3.4,4.2,0,6.18,3.5,,ARTIK 4,"Oudie 4 Full,Y",17:53:50,-05:00:00,18:01:40,ioan miftode 2022-08-08-ioan_miftode.igc,0.1,False,45.0
22.0,Michael Bene,,USA,,,,,7.0,22.5,,23.0,2,M,,,B,63,63,08.08.2022,,14:05:51,00:10:24,0.0,80,403,483,84,426,-4,-2.6,5.0,0,5.36,3.1,,Default,"Oudie 4 Full,Y",19:05:51,-05:00:00,19:16:15,Michael Bene 2022-08-08-XCM-4YF-03.igc,0.2,False,45.0
14.0,Roxanne Lopez,,USA,14:15:38,,,,7.0,22.5,,23.0,2,F,,,B,58,59,08.08.2022,,13:35:29,01:09:05,0.0,81,1389,1470,102,2300,-21,-4.2,6.8,0,22.62,15.1,NKN,Nova Ion 4,"Naviter,Oudie N",18:35:29,-05:00:00,19:44:34,Roxanne Lopez 2022-08-08-XNA-150045-04.igc,1.2,False,45.0
9.0,Austin Kasserman,,USA,12:17:41,17:37:55,05:20:14,24.3,131.9,852.5,147.5,1000.0,3,M,,,D,75,75,09.08.2022,,12:04:24,05:44:45,0.0,80,2233,2313,88,16908,-8,-4.0,5.2,0,239.52,119.8,,Zeno2 Ozone,"Flyskyhy,7.3.2",17:04:24,-05:00:00,22:49:09,Austin Kasserman 2022-08-09-XFH-000-01.IGC,5.7,True,3000.0
40.0,Tyler Burns,,USA,12:18:47,,,,127.2,822.1,,822.0,3,M,,,D,71,71,09.08.2022,,11:54:52,06:47:17,0.0,81,2377,2458,92,20550,-11,-5.3,6.4,0,241.1,120.5,,Ozone Zeolite GT,"Flyskyhy,7.3.2",16:54:52,-05:00:00,23:42:09,Tyler Burns 2022-08-09-XFH-000-01.IGC,6.8,False,2478.0
8.0,Shawn Scott,,USA,12:15:07,,,,107.7,696.1,,696.0,3,M,,,D,72,72,09.08.2022,,11:56:38,05:31:11,0.0,81,2130,2211,101,14769,-20,-4.8,5.0,0,172.0,114.7,NKN,Gin Leopard,"Naviter,Oudie N",16:56:38,-05:00:00,22:27:49,shawn scott 2022-08-09-XNA-150094-01.igc,5.5,False,1053.0
44.0,Felix Figueroa,,USA,12:06:37,,,,105.86,684.2,,684.0,3,M,,,D,69,69,09.08.2022,Hearne,11:44:40,06:40:27,0.0,82,2223,2305,99,18526,-17,-4.8,7.4,0,169.13,112.8,,GIN GLIDERS Puma,samsung SM-G973U 12 FW:0.9.8.1-beta,16:44:40,-05:00:00,23:25:07,Felix Figueroa 2022-08-09-XCT-FFI-01.igc,6.7,False,1605.0
20.0,Chris Lee,,USA,12:15:28,,,,96.94,626.6,,627.0,3,M,,,D,74,74,09.08.2022,Hearne,12:00:37,05:13:49,0.0,85,2230,2315,114,13517,-29,-5.4,6.4,0,159.64,106.4,,ADVANCE Omega XAlps 3,motorola moto g(7) power 10 FW:0.9.7.6,17:00:37,-05:00:00,22:14:26,Chris Lee 2022-08-09-XCT-CLE-01.igc,5.2,False,2025.0
30.0,Max Montgomery,,USA,12:00:42,,,,96.76,625.4,,625.0,3,M,,,D,65,65,09.08.2022,Hearne,11:31:46,05:44:15,0.0,92,2303,2395,119,16055,-27,-5.4,5.6,0,161.15,107.4,,OZONE Zeno,Google Pixel 6 12 FW:0.9.7.6,16:31:46,-05:00:00,22:16:01,Max Montgomery 2022-08-09-XCT-MMO-01.igc,5.7,False,1474.0
18.0,Rick Fullmer,,USA,13:15:06,,,,91.74,592.9,,593.0,3,M,,,C,81,81,09.08.2022,,12:35:30,06:02:54,0.0,80,2328,2408,87,15336,-7,-5.4,5.6,0,158.42,105.6,,Gin Explorer2,"Flyskyhy,7.3.2",17:35:30,-05:00:00,23:38:24,Rick Fullmer 2022-08-09-XFH-000-02.IGC,6.0,False,1487.0
49.0,Dustin Pachura,,USA,12:54:53,,,,90.3,583.6,,584.0,3,M,,,C,77,77,09.08.2022,,12:15:51,04:20:01,0.0,78,2162,2240,113,12996,-35,-5.6,6.2,0,152.24,101.5,NKN,NKN,"Flymaster,LIVESD,B311",17:15:51,-05:00:00,21:35:52,Dustin Pachura 220809171536.igc,4.3,False,1522.0
35.0,David Prentice,,USA,14:46:00,,,,88.44,571.6,,572.0,3,M,,,C,91,91,09.08.2022,,14:27:24,03:41:53,0.0,79,2336,2415,118,10288,-39,-4.2,5.0,0,146.3,97.5,,Default,Oudie 4 HW:1.0,19:27:24,-05:00:00,23:09:17,David Prentice 2022-08-09-XCM-I1S-04.igc,3.7,False,1917.0
21.0,Josh Mcveigh,,USA,12:15:32,,,,85.86,554.9,,555.0,3,M,,,C,70,70,09.08.2022,,11:51:49,04:46:49,0.0,85,2143,2228,114,12364,-29,-5.8,6.4,0,141.89,94.6,,Air Design Volt 4,"Flyskyhy,7.3.2",16:51:49,-05:00:00,21:38:38,Josh McVeigh 2022-08-09-XFH-000-01.IGC,4.8,False,1350.0
3.0,Robert Simpson,,USA,14:30:21,,,,75.75,489.6,,490.0,3,M,,,B,89,89,09.08.2022,,14:07:24,03:42:52,0.0,83,2117,2200,95,10910,-12,-4.6,6.2,0,134.19,89.5,,Ozone Rush 4,"Flyskyhy,7.3.2",19:07:24,-05:00:00,22:50:16,Robert Simpson 2022-08-09-XFH-000-01.IGC,3.7,False,834.0
15.0,Robin Hamilton,,USA,15:09:15,,,,72.85,470.8,,471.0,3,M,,,B,92,92,09.08.2022,,14:33:33,05:23:54,0.0,83,2268,2351,96,13126,-13,-11.4,5.5,0,184.94,105.7,not set,not set,"FLYTEC,6030",19:33:33,-05:00:00,00:57:27,Robin Hamilton 289B2153.IGC,5.4,False,516.0
48.0,Chandler Papas,,USA,15:09:38,,,,72.74,470.1,,470.0,3,M,,,C,95,95,09.08.2022,,14:50:32,04:34:00,0.0,83,2515,2598,91,12601,-8,-4.6,5.8,0,176.67,101.0,NKN,Gin Camino,"Naviter,Oudie N",19:50:32,-05:00:00,00:24:32,Chandler Papas 2022-08-09-XNA-150644-03.igc,4.6,False,1740.0
37.0,Gokcen Buyukbas,,USA,13:45:21,,,,72.63,469.4,,469.0,3,F,,,C,86,86,09.08.2022,,13:07:36,04:03:30,0.0,94,2017,2111,99,10612,-5,-5.4,5.0,0,120.0,80.0,,Ozone Alpina 4,"Flyskyhy,7.3.2",18:07:36,-05:00:00,22:11:06,Gokcen Buyukbas 2022-08-09-XFH-000-02.IGC,4.1,False,1194.0
25.0,Andria Lea,,USA,13:13:15,,,,70.71,457,,457.0,3,F,,,C,84,84,09.08.2022,,12:50:39,04:58:11,0.0,81,1874,1955,129,11755,-48,-5.8,5.8,0,121.88,81.3,,Triple Seven Rook 3,"Flyskyhy,7.3.2",17:50:39,-05:00:00,22:48:50,Andria Lea 2022-08-09-XFH-000-01.IGC,5.0,False,545.0
27.0,David Siljeg,,CRO,12:55:14,,,,67.15,434,,434.0,3,M,,,C,80,80,09.08.2022,Hearne,12:32:59,03:20:01,0.0,88,2164,2252,93,10365,-5,0.0,0.0,0,123.36,82.2,,OZONE Delta 4,samsung SM-G998U1 12 FW:0.9.8.1-beta,17:32:59,-05:00:00,20:53:00,David _iljeg 2022-08-09-XCT-DSI-04.igc,3.3,False,1423.0
4.0,Esau Diaz,,USA,15:06:14,,,,67.05,433.3,,433.0,3,M,,,C,93,93,09.08.2022,,14:39:53,04:57:11,0.0,84,2409,2493,113,12102,-29,-3.8,5.4,0,153.24,102.2,,Default,"Oudie 4 Full,R",19:39:53,-05:00:00,00:37:04,Esau Diaz 2022-08-09-XCM-KZS-03.igc,5.0,False,919.0
45.0,Thomas Mccormick,,USA,13:45:48,,,,63.6,411.1,,411.0,3,M,,,C,87,87,09.08.2022,,13:18:54,03:02:43,0.0,83,2058,2141,122,7963,-39,-4.6,5.8,0,108.66,72.4,NKN,NKN,"Flymaster,DS",18:18:54,-05:00:00,21:21:37,Thomas McCormick 2022-08-09_18_18_42.igc,3.0,False,1772.0
23.0,Andrew Dahl,,USA,12:54:57,,,,61.38,396.7,,397.0,3,M,,,D,79,79,09.08.2022,,12:22:10,02:34:13,0.0,80,1852,1932,128,7356,-48,-4.6,6.0,0,109.11,72.7,NKN,NKN,"Flymaster,DS",17:22:10,-05:00:00,19:56:23,Andrew Dahl 2022-08-09_17_21_53.igc,2.6,False,2255.0
47.0,Zakey Faieq,,USA,12:00:40,,,,60.95,393.9,,394.0,3,M,,,B,64,64,09.08.2022,Hearne,11:30:29,04:37:10,0.0,97,2166,2263,115,12887,-18,-10.2,6.4,0,113.77,75.8,,GIN GLIDERS Calypso,Google Pixel 6 12 FW:0.9.7.6,16:30:29,-05:00:00,21:07:39,Zakey Faieq 2022-08-09-XCT-ZFX-01.igc,4.6,False,989.0
13.0,Ben Parker,,USA,12:55:22,,,,59.93,387.3,,387.0,3,M,,,C,78,78,09.08.2022,Unknown,12:16:21,03:35:59,0.0,81,1948,2029,185,9339,-104,-5.5,4.4,0,116.2,77.5,,,FW:202206271341 HW:2.1,17:16:21,-05:00:00,20:52:20,Ben Parker 2022-08-09_12.16_Unknown.igc,3.6,False,1189.0
29.0,John Davis,,USA,14:23:28,,,,59.23,382.8,,383.0,3,M,,,B,88,88,09.08.2022,,13:58:03,02:34:06,0.0,93,1830,1923,110,7865,-17,-5.4,6.2,0,101.52,67.7,NKN,777 Knight,"Volirium, P1",18:58:03,-05:00:00,21:32:09,John Davis 2022-08-09-John-Davis-02.igc,2.6,False,428.0
12.0,Valter Castilho,,USA,12:19:43,,,,59.3,383.2,,383.0,3,M,,,C,73,73,09.08.2022,,11:57:27,03:02:39,0.0,85,2006,2091,114,8250,-29,-4.8,4.6,0,108.09,72.1,NKN,NKN,"Flymaster,LiveSD,B301",16:57:27,-05:00:00,20:00:06,Valter Castilho 2022-08-09 16_57_13.igc,3.0,False,1221.0
10.0,Moacir Thiele,,USA,12:24:59,,,,56.28,363.7,,364.0,3,M,,,C,66,66,09.08.2022,,11:33:44,02:59:03,0.0,85,1868,1953,107,8240,-22,-3.8,7.8,0,111.8,74.5,,777 QUEEN 2 Evo,"Flyskyhy,7.3.2",16:33:44,-05:00:00,19:32:47,Moacir Thiele 2022-08-09-XFH-000-02.IGC,3.0,False,1444.0
16.0,Ioan Miftode,,USA,13:11:10,,,,50.18,324.3,,324.0,3,M,,,B,85,85,09.08.2022,,12:52:38,02:17:21,0.0,84,1918,2002,124,5433,-40,-4.4,6.2,0,88.58,59.1,,ARTIK 4,"Oudie 4 Full,Y",17:52:38,-05:00:00,20:09:59,ioan miftode 2022-08-09-ioan_miftode.igc,2.3,False,369.0
14.0,Roxanne Lopez,,USA,15:10:34,,,,49.26,318.4,,318.0,3,F,,,B,94,94,09.08.2022,,14:45:08,03:08:41,0.0,82,2007,2089,153,7981,-71,-5.0,7.6,0,90.68,60.5,NKN,Nova Ion 4,"Naviter,Oudie N",19:45:08,-05:00:00,22:53:49,Roxanne Lopez 2022-08-09-XNA-150045-05.igc,3.1,False,363.0
7.0,Lindsey Ripa,,USA,12:01:45,,,,46.64,301.4,,301.0,3,F,,,C,68,68,09.08.2022,,11:41:00,02:36:00,0.0,106,1612,1718,134,6599,-28,-4.0,5.0,0,84.3,56.2,,Ozone Delta 4,"Flyskyhy,7.3.2",16:41:00,-05:00:00,19:17:00,Lindsey Ripa 2022-08-09-XFH-000-01.IGC,2.6,False,464.0
41.0,Brandon Brantley,,USA,13:01:56,,,,46.16,298.3,,298.0,3,M,,,B,82,82,09.08.2022,,12:36:05,02:41:02,0.0,89,1800,1889,132,6676,-43,-4.8,5.6,0,86.11,57.4,,Gin Calypso S,"Flyskyhy,7.3.2",17:36:05,-05:00:00,20:17:07,Brandon Brantley 2022-08-09-XFH-000-01.IGC,2.7,False,390.0
42.0,Corbin Petersen,,USA,15:28:53,,,,41.52,268.3,,268.0,3,M,,,B,96,96,09.08.2022,,14:51:34,03:08:48,0.0,84,2331,2415,122,6732,-38,-7.0,5.4,0,76.12,50.7,,,"Flyskyhy,7.3.2",19:51:34,-05:00:00,23:00:22,Corbin Petersen 2022-08-09-XFH-000-03.IGC,3.1,False,313.0
46.0,Todd Peele,,USA,14:30:14,,,,29.03,187.6,,188.0,3,M,,,B,90,90,09.08.2022,,14:14:51,01:26:18,0.0,84,1760,1844,145,4266,-61,-5.4,6.6,0,55.58,37.1,,Ozone Rush 6,"Flyskyhy,7.3.2",19:14:51,-05:00:00,20:41:09,Todd Peele 2022-08-09-XFH-000-02.IGC,1.4,False,233.0
22.0,Michael Bene,,USA,12:58:46,,,,23.82,154,,154.0,3,M,,,B,76,76,09.08.2022,,12:14:07,01:47:20,0.0,81,1217,1298,121,4399,-40,-4.8,5.4,0,49.72,33.1,,Default,"Oudie 4 Full,Y",17:14:07,-05:00:00,19:01:27,Michael Bene 2022-08-09-XCM-4YF-01.igc,1.8,False,199.0
43.0,Emily Petersen,,USA,12:02:30,,,,7.0,45.2,,45.0,3,F,,,B,67,67,09.08.2022,,11:35:47,00:40:20,0.0,88,1283,1371,107,1649,-19,-4.4,6.4,0,21.08,14.1,,,"Flyskyhy,7.3.2",16:35:47,-05:00:00,17:16:07,Emily Petersen 2022-08-09-XFH-000-01.IGC,0.7,False,178.0
34.0,Christopher Dunlap,,USA,,,,,7.0,45.2,,45.0,3,M,,,B,83,83,09.08.2022,,12:45:36,00:16:11,0.0,82,772,854,86,856,-4,-3.8,5.2,0,10.31,5.9,NKN,NKN,"Flymaster,NAVSD,B302",17:45:36,-05:00:00,18:01:47,Christopher Dunlap 220809174522.igc,0.3,False,316.0
40.0,Tyler Burns,,USA,12:00:00,,,,36.28,297.5,,298.0,4,M,1745.0,43.26,D,100,100,10.08.2022,,12:03:55,02:47:02,0.0,463,1625,2088,139,7472,324,-5.0,5.2,0,91.51,61.0,,Ozone Zeolite GT,"Flyskyhy,7.3.2",17:03:55,-05:00:00,19:50:57,Tyler Burns 2022-08-10-XFH-000-01.IGC,2.8,False,2776.0
30.0,Max Montgomery,,USA,12:00:00,,,,35.67,292.8,,293.0,4,M,1725.0,42.57,D,99,99,10.08.2022,Hearne,12:03:23,03:59:47,0.0,89,2131,2220,1088,12296,-999,-14.2,8.2,0,156.76,89.6,,OZONE Zeno,Google Pixel 6 12 FW:0.9.7.6,17:03:23,-05:00:00,21:03:10,Max Montgomery 2022-08-10-XCT-MMO-01.igc,4.0,False,1767.0
8.0,Shawn Scott,,USA,12:00:00,,,,35.73,292.3,,292.0,4,M,1694.0,42.5,D,97,97,10.08.2022,,11:54:37,04:17:43,0.0,102,2160,2262,86,11560,16,-14.8,5.8,0,162.24,92.7,NKN,Gin Leopard,"Naviter,Oudie N",16:54:37,-05:00:00,21:12:20,shawn scott 2022-08-10-XNA-150094-01.igc,4.3,False,1345.0
18.0,Rick Fullmer,,USA,12:00:00,,,,35.22,290,,290.0,4,M,1735.0,42.16,C,103,103,10.08.2022,,12:17:03,02:32:00,0.0,82,1884,1966,154,6692,-72,-5.0,6.2,0,81.36,54.2,,Gin Explorer2,"Flyskyhy,7.3.2",17:17:03,-05:00:00,19:49:03,Rick Fullmer 2022-08-10-XFH-000-02.IGC,2.5,False,1777.0
10.0,Moacir Thiele,,USA,12:00:00,,,,35.87,285,,285.0,4,M,1399.0,41.44,C,104,104,10.08.2022,,12:21:15,02:25:37,0.0,580,1450,2030,149,6667,431,-4.2,4.6,0,84.32,56.2,,777 QUEEN 2 Evo,"Flyskyhy,7.3.2",17:21:15,-05:00:00,19:46:52,Moacir Thiele 2022-08-10-XFH-000-01.IGC,2.4,False,1729.0
44.0,Felix Figueroa,,USA,12:00:00,,,,18.98,166.4,,166.0,4,M,1304.0,24.19,D,111,112,10.08.2022,Hearne,13:04:40,01:49:08,0.0,87,2035,2122,148,5729,-61,-4.8,5.8,0,62.79,41.9,,GIN GLIDERS Puma,samsung SM-G973U 12 FW:0.9.8.1-beta,18:04:40,-05:00:00,19:53:48,Felix Figueroa 2022-08-10-XCT-FFI-01.igc,1.8,False,1771.0
9.0,Austin Kasserman,,USA,12:00:00,,,,19.3,163.4,,163.0,4,M,1115.0,23.76,D,113,113,10.08.2022,,13:09:52,01:39:12,0.0,85,1992,2077,174,5052,-89,-4.2,4.0,0,67.81,45.2,,Zeno2 Ozone,"Flyskyhy,7.3.2",18:09:52,-05:00:00,19:49:04,Austin Kasserman 2022-08-10-XFH-000-01.IGC,1.7,False,3163.0
37.0,Gokcen Buyukbas,,USA,12:00:00,,,,16.57,161.5,,162.0,4,F,1727.0,23.48,C,108,108,10.08.2022,,12:44:54,02:08:51,0.0,93,1987,2080,139,6365,-46,-12.2,4.8,0,59.78,39.9,,Ozone Alpina 4,"Flyskyhy,7.3.2",17:44:54,-05:00:00,19:53:45,Gokcen Buyukbas 2022-08-10-XFH-000-02.IGC,2.1,False,1356.0
23.0,Andrew Dahl,,USA,12:00:00,,,,17.28,156.8,,157.0,4,M,1380.0,22.8,D,107,107,10.08.2022,,12:41:55,02:09:44,0.0,84,1839,1923,159,5902,-75,-5.8,6.2,0,69.92,46.6,NKN,NKN,"Flymaster,DS",17:41:55,-05:00:00,19:51:39,Andrew Dahl 2022-08-10_17_41_41.igc,2.2,False,2412.0
47.0,Zakey Faieq,,USA,12:00:00,,,,16.51,151.7,,152.0,4,M,1399.0,22.05,B,101,101,10.08.2022,Hearne,12:10:32,02:46:42,0.0,102,2078,2180,136,7325,-34,-21.2,5.8,0,67.43,45.0,,GIN GLIDERS Calypso,Google Pixel 6 12 FW:0.9.7.6,17:10:32,-05:00:00,19:57:14,Zakey Faieq 2022-08-10-XCT-ZFX-03.igc,2.8,False,1141.0
35.0,David Prentice,,USA,12:00:00,,,,17.21,151.6,,152.0,4,M,1208.0,22.04,C,115,115,10.08.2022,,13:17:49,01:37:36,0.0,88,1881,1969,142,5328,-54,-4.6,5.6,0,62.31,41.5,,Default,Oudie 4 HW:1.0,18:17:49,-05:00:00,19:55:25,David Prentice 2022-08-10-XCM-I1S-01.igc,1.6,False,2069.0
15.0,Robin Hamilton,,USA,12:00:00,,,,15.91,149.8,,150.0,4,M,1468.0,21.79,B,112,111,10.08.2022,,13:06:41,02:25:57,0.0,84,2010,2094,135,7414,-51,-5.0,5.6,0,82.03,54.7,not set,not set,"FLYTEC,6030",18:06:41,-05:00:00,20:32:38,Robin Hamilton 28AB2151.IGC,2.4,False,666.0
45.0,Thomas Mccormick,,USA,12:00:00,,,,16.67,140,,140.0,4,M,921.0,20.35,C,109,109,10.08.2022,,12:53:41,02:02:50,0.0,85,1938,2023,136,5805,-51,-5.2,5.2,0,63.68,42.5,NKN,NKN,"Flymaster,DS",17:53:41,-05:00:00,19:56:31,Tom McCormick 2022-08-10_17_53_27.igc,2.0,False,1912.0
45.0,Thomas Mccormick,,USA,12:00:00,,,,16.67,140,,140.0,4,M,921.0,20.35,C,110,109,10.08.2022,,12:53:41,02:02:50,0.0,85,1938,2023,136,5805,-51,-5.2,5.2,0,63.68,42.5,NKN,NKN,"Flymaster,DS",17:53:41,-05:00:00,19:56:31,Thomas McCormick 2022-08-10_17_53_27.igc,2.0,False,1912.0
48.0,Chandler Papas,,USA,12:00:00,,,,17.21,129.4,,129.0,4,M,404.0,18.82,C,116,116,10.08.2022,,13:21:06,01:34:35,0.0,86,1635,1721,142,4984,-56,-6.2,6.2,0,58.21,38.8,NKN,Gin Camino,"Naviter,Oudie N",18:21:06,-05:00:00,19:55:41,Chandler Papas 2022-08-10-XNA-150644-04.igc,1.6,False,1869.0
21.0,Josh Mcveigh,,USA,12:00:00,,,,11.36,123.3,,123.0,4,M,1642.0,17.93,C,118,118,10.08.2022,,13:35:05,01:19:17,0.0,120,2033,2153,136,3358,-16,-6.0,142.0,0,54.67,36.4,,Air Design Volt 4,"Flyskyhy,7.3.2",18:35:05,-05:00:00,19:54:22,Josh McVeigh 2022-08-10-XFH-000-01.IGC,1.3,False,1473.0
20.0,Chris Lee,,USA,12:00:00,,,,11.01,114.8,,115.0,4,M,1419.0,16.69,D,114,114,10.08.2022,Hearne,13:15:09,01:37:18,0.0,85,2088,2173,123,4600,-38,-5.8,5.6,0,51.26,34.2,,ADVANCE Omega XAlps 3,motorola moto g(7) power 10 FW:0.9.7.6,18:15:09,-05:00:00,19:52:27,Chris Lee 2022-08-10-XCT-CLE-02.igc,1.6,False,2140.0
49.0,Dustin Pachura,,USA,12:00:00,,,,11.09,110.5,,111.0,4,M,1245.0,16.07,C,119,119,10.08.2022,,13:38:27,01:25:59,0.0,89,1887,1976,140,4589,-51,-7.6,7.0,0,69.0,46.0,NKN,NKN,"Flymaster,LIVESD,B311",18:38:27,-05:00:00,20:04:26,Dustin Pachura 220810183814.igc,1.4,False,1633.0
19.0,Bob Blount,,USA,,,,,8.0,55,,55.0,4,M,-88.0,8,C,120,120,10.08.2022,,13:54:20,01:42:18,0.0,92,2220,2312,143,5145,-51,-4.8,6.2,0,56.06,37.4,,Default,"Oudie 4 Full,Y",18:54:20,-05:00:00,20:36:38,Bob Blount 2022-08-10-XCM-EDQ-01.igc,1.7,False,571.0
46.0,Todd Peele,,USA,12:00:00,,,,5.82,40,,40.0,4,M,0.0,5.82,B,106,106,10.08.2022,,12:27:19,01:16:51,0.0,87,1582,1669,103,3634,-16,-4.0,5.0,0,39.49,22.6,,Ozone Rush 6,"Flyskyhy,7.3.2",17:27:19,-05:00:00,18:44:10,Todd Peele 2022-08-10-XFH-000-01.IGC,1.3,False,273.0
43.0,Emily Petersen,,USA,12:00:00,,,,5.0,34.4,,34.0,4,F,0.0,5,B,105,105,10.08.2022,,12:26:19,00:55:46,0.0,87,1460,1547,108,2337,-21,-4.6,5.4,0,15.76,10.5,,,"Flyskyhy,7.3.2",17:26:19,-05:00:00,18:22:05,Emily Petersen 2022-08-10-XFH-000-01.IGC,0.9,False,212.0
42.0,Corbin Petersen,,USA,,,,,5.0,34.4,,34.0,4,M,0.0,5,B,123,123,10.08.2022,,14:06:24,00:48:42,0.0,84,1694,1778,115,2434,-31,-38.4,38.4,0,25.11,16.7,,,"Flyskyhy,7.3.2",19:06:24,-05:00:00,19:55:06,Corbin Petersen 2022-08-10-XFH-000-02.IGC,0.8,False,347.0
41.0,Brandon Brantley,,USA,,,,,5.0,34.4,,34.0,4,M,0.0,5,B,121,121,10.08.2022,,13:55:29,01:01:22,0.0,1777,99,1876,91,1907,1686,-7.0,5.0,0,26.61,17.7,,Gin Calypso S,"Flyskyhy,7.3.2",18:55:29,-05:00:00,19:56:51,Brandon Brantley 2022-08-10-XFH-000-01.IGC,1.0,False,424.0
27.0,David Siljeg,,CRO,,,,,5.0,34.4,,34.0,4,M,0.0,5,C,122,122,10.08.2022,Hearne,14:02:02,00:49:43,0.0,87,1737,1824,105,2810,-18,-35.2,5.6,0,22.5,15.0,,OZONE Delta 4,samsung SM-G998U1 12 FW:0.9.8.1-beta,19:02:02,-05:00:00,19:51:45,David Siljeg 2501207.igc,0.8,False,1457.0
12.0,Valter Castilho,,USA,,,,,5.0,34.4,,34.0,4,M,0.0,5,C,125,125,10.08.2022,,14:36:23,01:03:42,0.0,85,1428,1513,87,2819,-2,-5.6,4.4,0,15.97,10.6,NKN,NKN,"Flymaster,LiveSD,B301",19:36:23,-05:00:00,20:40:05,Valter Castilho 2022-08-10 19_36_09.igc,1.1,False,1255.0
14.0,Roxanne Lopez,,USA,12:00:00,,,,5.0,34.4,,34.0,4,F,0.0,5,B,102,102,10.08.2022,,12:12:10,00:40:47,0.0,84,837,921,104,1379,-20,-4.4,4.4,0,14.84,9.9,NKN,Nova Ion 4,"Naviter,Oudie N",17:12:10,-05:00:00,17:52:57,Roxanne Lopez 2022-08-10-XNA-150045-06.igc,0.7,False,397.0
25.0,Andria Lea,,USA,,,,,5.0,34.4,,34.0,4,F,0.0,5,C,126,126,10.08.2022,,14:41:34,00:11:56,0.0,84,503,587,89,514,-5,-3.6,4.8,0,6.96,4.0,,Triple Seven Rook 3,"Flyskyhy,7.3.2",19:41:34,-05:00:00,19:53:30,Andria Lea 2022-08-10-XFH-000-02.IGC,0.2,False,579.0
3.0,Robert Simpson,,USA,,,,,5.0,34.4,,34.0,4,M,0.0,5,B,124,124,10.08.2022,,14:22:35,00:07:13,0.0,84,345,429,88,330,-4,-3.0,5.6,0,6.73,3.8,,Ozone Rush 4,"Flyskyhy,7.3.2",19:22:35,-05:00:00,19:29:48,Robert Simpson 2022-08-10-XFH-000-02.IGC,0.1,False,868.0
34.0,Christopher Dunlap,,USA,,,,,5.0,34.4,,34.0,4,M,0.0,5,B,117,117,10.08.2022,,13:29:18,00:31:39,0.0,76,1385,1461,87,1453,-11,-5.8,4.8,0,16.05,9.2,NKN,NKN,"Flymaster,NAVSD,B302",18:29:18,-05:00:00,19:00:57,Chris Dunlap 220810182906.igc,0.5,False,350.0
7.0,Lindsey Ripa,,USA,,,,,5.0,34.4,,34.0,4,F,0.0,5,C,98,98,10.08.2022,,11:55:10,00:25:51,0.0,91,1145,1236,94,1237,-3,-3.6,4.2,0,8.71,5.8,,Ozone Delta 4,"Flyskyhy,7.3.2",16:55:10,-05:00:00,17:21:01,Lindsey Ripa 2022-08-10-XFH-000-01.IGC,0.4,False,498.0
23.0,Andrew Dahl,,USA,12:48:39,16:57:01,04:08:22,19.3,81.9,592.9,145.9,739.0,5,M,,,D,140,140,11.08.2022,,12:13:28,04:57:28,0.0,80,2087,2167,87,13221,-7,-5.0,4.8,0,163.0,93.1,NKN,NKN,"Flymaster,DS",17:13:28,-05:00:00,22:10:56,Andrew Dahl 2022-08-11_17_13_16.igc,5.0,True,3151.0
40.0,Tyler Burns,,USA,12:50:23,17:03:09,04:12:46,19.0,81.9,592.9,130,723.0,5,M,,,D,139,139,11.08.2022,,12:10:45,04:57:21,0.0,82,2044,2126,78,14834,4,-4.8,6.2,0,161.52,92.3,,Ozone Zeolite GT,"Flyskyhy,7.3.2",17:10:45,-05:00:00,22:08:06,Tyler Burns 2022-08-11-XFH-000-01.IGC,5.0,True,3499.0
20.0,Chris Lee,,USA,12:32:07,,,,71.97,521,,521.0,5,M,,,D,132,132,11.08.2022,?,11:35:36,06:21:39,0.0,81,2194,2275,85,15846,-4,-5.0,5.4,0,131.93,75.4,,ADVANCE Omega XAlps 3,motorola moto g(7) power 10 FW:0.9.7.6,16:35:36,-05:00:00,22:57:15,Chris Lee 2022-08-11-XCT-CLE-01.igc,6.4,False,2661.0
13.0,Ben Parker,,USA,12:30:58,,,,69.0,499.5,,500.0,5,M,,,C,136,136,11.08.2022,Unknown,11:51:06,05:44:17,0.0,84,2155,2239,163,14572,-79,-4.8,5.0,0,115.62,77.1,,,FW:202206271341 HW:2.1,16:51:06,-05:00:00,22:35:23,Ben Parker 2022-08-11_11.51_Unknown.igc,5.7,False,1723.0
49.0,Dustin Pachura,,USA,12:31:43,,,,66.53,481.6,,482.0,5,M,,,C,133,133,11.08.2022,,11:44:56,03:59:47,0.0,84,2037,2121,96,10803,-12,-5.6,5.8,0,108.11,72.1,NKN,NKN,"Flymaster,LIVESD,B311",16:44:56,-05:00:00,20:44:43,Dustin Pachura 220811164439.igc,4.0,False,2115.0
37.0,Gokcen Buyukbas,,USA,14:12:01,,,,62.12,449.7,,450.0,5,F,,,C,151,151,11.08.2022,,13:30:30,03:44:00,0.0,89,2256,2345,139,10815,-50,-5.2,5.0,0,96.1,64.1,,Ozone Alpina 4,"Flyskyhy,7.3.2",18:30:30,-05:00:00,22:14:30,Gokcen Buyukbas2022-08-11-XFH-000-01.IGC,3.7,False,1806.0
48.0,Chandler Papas,,USA,12:50:27,,,,61.98,448.7,,449.0,5,M,,,C,142,142,11.08.2022,,12:21:37,04:54:24,0.0,80,2163,2243,136,13170,-56,-5.0,6.2,0,116.66,77.8,NKN,Gin Camino,"Naviter,Oudie N",17:21:37,-05:00:00,22:16:01,Chandler Papas 2022-08-11-XNA-150644-02.igc,4.9,False,2318.0
30.0,Max Montgomery,,USA,11:57:14,,,,58.03,420.1,,420.0,5,M,,,D,130,130,11.08.2022,?,11:23:08,04:35:58,0.0,80,2104,2184,122,12032,-42,-5.8,6.6,0,106.05,70.7,,OZONE Zeno,Google Pixel 6 12 FW:0.9.7.6,16:23:08,-05:00:00,20:59:06,Max Montgomery 2022-08-11-XCT-MMO-01.igc,4.6,False,2187.0
21.0,Josh Mcveigh,,USA,12:49:10,,,,57.46,416,,416.0,5,M,,,C,143,143,11.08.2022,,12:24:47,04:02:55,0.0,93,1920,2013,175,11022,-82,-5.4,5.2,0,99.31,66.2,,Air Design Volt 4,"Flyskyhy,7.3.2",17:24:47,-05:00:00,21:27:42,Josh McVeigh 2022-08-11-XFH-000-01.IGC,4.0,False,1889.0
9.0,Austin Kasserman,,USA,14:11:49,,,,57.45,415.9,,416.0,5,M,,,D,152,152,11.08.2022,,13:41:01,02:30:11,0.0,79,2040,2119,203,7900,-124,-4.2,7.0,0,93.52,62.3,,Zeno2 Ozone,"Flyskyhy,7.3.2",18:41:01,-05:00:00,21:11:12,Austin Kasserman 2022-08-11-XFH-000-03.IGC,2.5,False,3579.0
27.0,David Siljeg,,CRO,12:31:52,,,,53.9,390.2,,390.0,5,M,,,C,138,138,11.08.2022,?,11:58:27,04:02:51,0.0,93,2034,2127,237,11784,-144,-6.4,7.8,0,90.42,60.3,,OZONE Delta 4,samsung SM-G998U1 12 FW:0.9.8.1-beta,16:58:27,-05:00:00,21:01:18,David Siljeg 2501445.igc,4.0,False,1847.0
15.0,Robin Hamilton,,USA,13:32:50,,,,51.07,369.7,,370.0,5,M,,,B,149,149,11.08.2022,,13:06:02,03:06:20,0.0,83,1871,1954,115,8342,-32,-3.8,5.0,0,90.19,60.1,not set,not set,"FLYTEC,6030",18:06:02,-05:00:00,21:12:22,Robin Hamilton 28BB2151.IGC,3.1,False,1036.0
10.0,Moacir Thiele,,USA,14:14:50,,,,48.24,349.3,,349.0,5,M,,,C,154,154,11.08.2022,,13:51:25,02:09:58,0.0,79,1982,2061,115,6084,-36,-5.8,4.4,0,77.9,51.9,,777 QUEEN 2 Evo,"Flyskyhy,7.3.2",18:51:25,-05:00:00,21:01:23,Moacir Thiele 2022-08-11-XFH-000-02.IGC,2.2,False,2078.0
18.0,Rick Fullmer,,USA,14:44:48,,,,46.92,339.7,,340.0,5,M,,,C,156,156,11.08.2022,,14:23:22,02:31:35,0.0,233,2226,2459,116,6062,117,-4.4,4.8,0,77.33,51.6,NKN,NKN,"Flymaster,NAVSD,B312",19:23:22,-05:00:00,21:54:57,Rick Fullmer 220811192322.igc,2.5,False,2117.0
45.0,Thomas Mccormick,,USA,12:32:15,,,,43.4,314.2,,314.0,5,M,,,C,127,127,11.08.2022,,11:00:44,00:01:04,0.0,52,1853,1905,87,7976,-35,-0.6,0.6,0,1.65,1.1,NKN,NKN,"Flymaster,DS",16:00:44,-05:00:00,16:01:48,Tom McCormick 2022-08-11_15_59_04.igc,0.0,False,2226.0
35.0,David Prentice,,USA,13:11:38,,,,42.33,306.5,,307.0,5,M,,,C,147,147,11.08.2022,,12:51:22,02:00:19,0.0,85,1706,1791,136,5735,-51,-5.0,4.8,0,74.1,49.4,,Default,Oudie 4 HW:1.0,17:51:22,-05:00:00,19:51:41,David Prentice 2022-08-11-XCM-I1S-01.igc,2.0,False,2376.0
3.0,Robert Simpson,,USA,14:14:31,,,,42.18,305.4,,305.0,5,M,,,B,153,153,11.08.2022,,13:45:47,01:56:08,0.0,82,1657,1739,153,5885,-71,-4.6,5.6,0,72.67,48.4,,Ozone Rush 4,"Flyskyhy,7.3.2",18:45:47,-05:00:00,20:41:55,Robert Simpson 2022-08-11-XFH-000-02.IGC,1.9,False,1173.0
44.0,Felix Figueroa,,USA,13:11:43,,,,33.95,245.8,,246.0,5,M,,,D,144,144,11.08.2022,?,12:28:27,01:55:34,0.0,81,1727,1808,141,5248,-60,-4.2,6.2,0,63.56,42.4,,GIN GLIDERS Puma,samsung SM-G973U 12 FW:0.9.8.1-beta,17:28:27,-05:00:00,19:24:01,Felix Figueroa 2022-08-11-XCT-FFI-01.igc,1.9,False,2017.0
42.0,Corbin Petersen,,USA,14:37:19,,,,19.66,142.3,,142.0,5,M,,,B,155,155,11.08.2022,,14:05:09,01:25:28,0.0,83,1401,1484,132,3211,-49,-5.2,5.0,0,34.23,22.8,,,"Flyskyhy,7.3.2",19:05:09,-05:00:00,20:30:37,Corbin Lonestar 2022-08-11-XFH-000-03.IGC,1.4,False,489.0
12.0,Valter Castilho,,USA,11:57:26,,,,18.01,130.4,,130.0,5,M,,,C,131,131,11.08.2022,,11:24:49,01:41:52,0.0,82,1171,1253,125,3119,-43,-4.2,5.4,0,33.8,22.5,NKN,NKN,"Flymaster,LiveSD,B301",16:24:49,-05:00:00,18:06:41,Valter Castilho 2022-08-11 16_24_34.igc,1.7,False,1385.0
29.0,John Davis,,USA,12:32:52,,,,16.14,116.9,,117.0,5,M,,,B,137,137,11.08.2022,,11:56:38,01:22:08,0.0,85,1334,1419,122,3002,-37,-4.0,4.2,0,33.21,22.1,NKN,777 Knight,"Volirium, P1",16:56:38,-05:00:00,18:18:46,John Davis 2022-08-11-John-Davis-01.igc,1.4,False,579.0
7.0,Lindsey Ripa,,USA,12:38:50,,,,15.95,115.5,,116.0,5,F,,,C,134,134,11.08.2022,,11:46:08,01:32:17,0.0,84,1620,1704,121,3211,-37,-3.8,5.4,0,32.81,21.9,,Ozone Delta 4,"Flyskyhy,7.3.2",16:46:08,-05:00:00,18:18:25,Lindsey Ripa 2022-08-11-XFH-000-01.IGC,1.5,False,614.0
47.0,Zakey Faieq,,USA,12:38:06,,,,14.66,106.1,,106.0,5,M,,,B,128,128,11.08.2022,?,11:04:04,02:16:08,0.0,98,1636,1734,106,4335,-8,-4.6,4.6,0,33.97,22.6,,GIN GLIDERS Calypso,Google Pixel 6 12 FW:0.9.7.6,16:04:04,-05:00:00,18:20:12,Zakey Faieq 2022-08-11-XCT-ZFX-01.igc,2.3,False,1247.0
8.0,Shawn Scott,,USA,12:31:57,,,,14.39,104.2,,104.0,5,M,,,D,135,135,11.08.2022,,11:50:53,01:24:10,0.0,138,1238,1376,107,2750,31,-3.4,5.0,0,30.93,20.6,NKN,Gin Leopard,"Naviter,Oudie N",16:50:53,-05:00:00,18:15:03,shawn scott 2022-08-11-XNA-150094-01.igc,1.4,False,1449.0
46.0,Todd Peele,,USA,,,,,7.0,50.7,,51.0,5,M,,,B,146,146,11.08.2022,,12:48:09,00:17:37,0.0,79,877,956,75,842,4,-3.4,4.2,0,13.34,8.9,,Ozone Rush 6,"Flyskyhy,7.3.2",17:48:09,-05:00:00,18:05:46,Todd Peele 2022-08-11-XFH-000-01.IGC,0.3,False,324.0
14.0,Roxanne Lopez,,USA,,,,,7.0,50.7,,51.0,5,F,,,B,148,148,11.08.2022,,12:59:23,00:06:52,0.0,76,528,604,86,885,-10,-3.2,5.2,0,6.36,3.6,NKN,Nova Ion 4,"Naviter,Oudie N",17:59:23,-05:00:00,18:06:15,Roxanne Lopez 2022-08-11-XNA-150045-02.igc,0.1,False,448.0
4.0,Esau Diaz,,USA,12:46:56,,,,7.0,50.7,,51.0,5,M,,,C,129,129,11.08.2022,,11:12:22,02:00:41,0.0,86,1510,1596,98,4544,-12,-10.8,4.2,0,37.43,25.0,,Default,"Oudie 4 Full,R",16:12:22,-05:00:00,18:13:03,Esau Diaz 2022-08-11-XCM-KZS-01.igc,2.0,False,1004.0
43.0,Emily Petersen,,USA,12:55:38,,,,7.0,50.7,,51.0,5,F,,,B,141,141,11.08.2022,,12:15:37,00:53:43,0.0,81,1348,1429,84,1739,-3,-4.4,5.0,0,13.88,9.3,,,"Flyskyhy,7.3.2",17:15:37,-05:00:00,18:09:20,Emily Petersen 2022-08-11-XFH-000-01.IGC,0.9,False,263.0
34.0,Christopher Dunlap,,USA,,,,,7.0,50.7,,51.0,5,M,,,B,145,145,11.08.2022,,12:34:06,00:09:20,0.0,73,363,436,79,450,-6,-4.4,4.8,0,7.13,4.1,NKN,NKN,"Flymaster,NAVSD,B302",17:34:06,-05:00:00,17:43:26,Christopher Dunlap 220811173353.igc,0.2,False,401.0
25.0,Andria Lea,,USA,,,,,7.0,50.7,,51.0,5,F,,,C,150,150,11.08.2022,,13:13:29,00:18:03,0.0,86,458,544,100,724,-14,-4.2,4.4,0,8.96,5.1,,Triple Seven Rook 3,"Flyskyhy,7.3.2",18:13:29,-05:00:00,18:31:32,Andria Lea 2022-08-11-XFH-000-01.IGC,0.3,False,630.0
23.0,Andrew Dahl,,USA,15:02:04,16:46:34,01:44:30,48.9,87.14,425.9,523.8,950.0,6,M,,,D,188,188,12.08.2022,,14:46:28,02:12:37,0.0,82,1895,1977,160,6207,-78,-4.4,5.2,0,149.42,99.6,NKN,NKN,"Flymaster,DS",19:46:28,-05:00:00,21:59:05,Andrew Dahl 2022-08-12_19_46_15.igc,2.2,True,4101.0
15.0,Robin Hamilton,,USA,14:56:55,16:52:02,01:55:07,44.4,87.14,425.9,386.6,813.0,6,M,,,B,187,187,12.08.2022,,14:41:44,02:21:45,0.0,80,1849,1929,160,6962,-80,-3.7,5.3,0,152.53,101.7,not set,not set,"FLYTEC,6030",19:41:44,-05:00:00,22:03:29,Robin Hamilton 28CB2152.IGC,2.4,True,1849.0
9.0,Austin Kasserman,,USA,12:21:24,14:19:05,01:57:41,43.4,87.14,425.9,365.3,791.0,6,M,,,D,172,172,12.08.2022,,11:45:59,02:55:42,0.0,79,1858,1937,158,7494,-79,-3.8,5.2,0,154.57,103.0,,Zeno2 Ozone,"Flyskyhy,7.3.2",16:45:59,-05:00:00,19:41:41,Austin Kasserman 2022-08-12-XFH-000-01.IGC,2.9,True,4370.0
35.0,David Prentice,,USA,12:35:38,14:40:43,02:05:05,40.8,87.14,425.9,310.5,736.0,6,M,,,C,177,177,12.08.2022,,12:17:00,02:33:10,0.0,77,1790,1867,173,6627,-96,-10.2,6.0,0,149.85,99.9,,Default,Oudie 4 HW:1.0,17:17:00,-05:00:00,19:50:10,David Prentice 2022-08-12-XCM-I1S-01.igc,2.6,True,3112.0
49.0,Dustin Pachura,,USA,13:30:10,15:38:40,02:08:30,39.8,87.14,425.9,287.5,713.0,6,M,,,C,186,186,12.08.2022,,13:15:43,02:35:30,0.0,281,1568,1849,161,6650,120,-5.2,6.0,0,145.45,97.0,NKN,NKN,"Flymaster,LIVESD,B311",18:15:43,-05:00:00,20:51:13,Dustin Pachura 220812181543.igc,2.6,True,2828.0
40.0,Tyler Burns,,USA,12:23:13,14:33:17,02:10:04,39.3,87.14,425.9,277.3,703.0,6,M,,,D,175,175,12.08.2022,,12:04:25,02:45:15,0.0,78,1798,1876,132,8120,-54,-5.0,5.4,0,149.94,100.0,,Ozone Zeolite GT,"Flyskyhy,7.3.2",17:04:25,-05:00:00,19:49:40,Tyler Burns 2022-08-12-XFH-000-01.IGC,2.8,True,4202.0
20.0,Chris Lee,,USA,12:23:44,14:37:42,02:13:58,38.1,87.14,425.9,252.8,679.0,6,M,,,D,161,161,12.08.2022,?,11:17:18,03:32:46,0.0,79,1875,1954,161,8586,-82,-4.4,6.2,0,154.09,102.7,,ADVANCE Omega XAlps 3,motorola moto g(7) power 10 FW:0.9.7.6,16:17:18,-05:00:00,19:50:04,Chris Lee 2022-08-12-XCT-CLE-01.igc,3.5,True,3340.0
27.0,David Siljeg,,CRO,11:56:44,14:19:22,02:22:38,35.8,87.14,425.9,202,628.0,6,M,,,C,168,168,12.08.2022,?,11:35:40,02:57:15,0.0,88,1780,1868,165,8938,-77,-6.4,6.0,0,150.92,100.6,,OZONE Delta 4,samsung SM-G998U1 12 FW:0.9.8.1-beta,16:35:40,-05:00:00,19:32:55,David Siljeg 2501542.igc,3.0,True,2475.0
44.0,Felix Figueroa,,USA,11:57:07,14:24:36,02:27:29,34.6,87.14,425.9,175.3,601.0,6,M,,,D,164,165,12.08.2022,?,11:26:20,03:08:43,0.0,76,1780,1856,147,7537,-71,-5.0,5.2,0,146.98,98.0,,GIN GLIDERS Puma,samsung SM-G973U 12 FW:0.9.8.1-beta,16:26:20,-05:00:00,19:35:03,Felix Figueroa 2022-08-12-XCT-FFI-01.igc,3.1,True,2618.0
13.0,Ben Parker,,USA,12:17:52,14:47:03,02:29:11,34.2,87.14,425.9,166.1,592.0,6,M,,,C,174,174,12.08.2022,Unknown,12:02:38,02:54:08,0.0,83,1878,1961,210,8708,-127,-6.9,4.4,0,153.42,102.3,,,FW:202206271341 HW:2.1,17:02:38,-05:00:00,19:56:46,Ben Parker 2022-08-12_12.02_benparker.igc,2.9,True,2315.0
30.0,Max Montgomery,,USA,13:14:28,15:50:19,02:35:51,32.8,87.14,425.9,131.4,557.0,6,M,,,D,183,183,12.08.2022,?,12:56:02,03:08:57,0.0,84,1777,1861,1241,9040,-1157,-14.8,6.4,0,150.79,100.5,,OZONE Zeno,Google Pixel 6 12 FW:0.9.7.6,17:56:02,-05:00:00,21:04:59,Max Montgomery 2022-08-12-XCT-MMO-01.igc,3.1,True,2744.0
18.0,Rick Fullmer,,USA,11:57:01,14:33:04,02:36:03,32.7,87.14,425.9,130.4,556.0,6,M,,,C,166,166,12.08.2022,,11:28:42,03:18:01,0.0,81,1919,2000,141,8623,-60,-4.6,5.2,0,150.06,100.0,,Gin Explorer2,"Flyskyhy,7.3.2",16:28:42,-05:00:00,19:46:43,Rick Fullmer 2022-08-12-XFH-000-01.IGC,3.3,True,2673.0
12.0,Valter Castilho,,USA,11:58:56,14:36:32,02:37:36,32.4,87.14,425.9,122.5,548.0,6,M,,,C,169,169,12.08.2022,,11:35:55,03:18:23,0.0,77,1710,1787,151,9083,-74,-5.6,5.6,0,152.83,101.9,NKN,NKN,"Flymaster,LiveSD,B301",16:35:55,-05:00:00,19:54:18,Valter Castilho 2022-08-12 16_35_41.igc,3.3,True,1933.0
8.0,Shawn Scott,,USA,11:38:14,14:15:54,02:37:40,32.4,87.14,425.9,122.2,548.0,6,M,,,D,163,163,12.08.2022,,11:20:01,03:12:03,0.0,131,1896,2027,146,7737,-15,-5.0,6.8,0,153.13,102.1,NKN,Gin Leopard,"Naviter,Oudie N",16:20:01,-05:00:00,19:32:04,shawn scott 2022-08-12-XNA-150094-03.igc,3.2,True,1997.0
19.0,Bob Blount,,USA,11:48:23,14:26:58,02:38:35,32.2,87.14,425.9,117.6,544.0,6,M,,,C,165,164,12.08.2022,,11:26:48,03:32:43,0.0,76,1904,1980,149,9437,-73,-4.4,6.2,0,157.24,104.8,,Default,"Oudie 4 Full,Y",16:26:48,-05:00:00,19:59:31,Bob Blount 2022-08-12-BobBlount.igc,3.5,True,1115.0
10.0,Moacir Thiele,,USA,11:21:41,,,,46.59,227.7,,228.0,6,M,,,C,159,159,12.08.2022,,11:05:58,01:52:44,0.0,88,1648,1736,132,5113,-44,-5.2,5.4,0,81.69,54.5,,777 QUEEN 2 Evo,"Flyskyhy,7.3.2",16:05:58,-05:00:00,17:58:42,Moacir Thiele 2022-08-12-XFH-000-01.IGC,1.9,False,2306.0
25.0,Andria Lea,,USA,11:38:03,,,,29.53,144.3,,144.0,6,F,,,C,162,162,12.08.2022,,11:18:31,02:06:37,0.0,79,1400,1479,169,4124,-90,-4.4,6.0,0,61.15,40.8,,Triple Seven Rook 3,"Flyskyhy,7.3.2",16:18:31,-05:00:00,18:25:08,Andria Lea 2022-08-12-XFH-000-01.IGC,2.1,False,774.0
2.0,Jaime Vargas,,COL,12:46:31,,,,25.91,126.7,,127.0,6,M,,,B,179,179,12.08.2022,Hearne Municipal Airport-US,12:30:15,01:14:56,0.0,82,1265,1347,153,2919,-71,-5.0,8.0,0,49.63,33.1,,161Ozone Delta 3 WBWG,"FLYMASTER,LIVE",17:30:15,-05:00:00,18:45:11,Jaime Vargas Task6jvargas.igc,1.2,False,247.0
37.0,Gokcen Buyukbas,,USA,12:55:12,,,,25.78,126,,126.0,6,F,,,C,181,181,12.08.2022,,12:38:03,01:08:20,0.0,90,1315,1405,164,3288,-74,-4.4,6.6,0,50.06,33.4,,Ozone Alpina 4,"Flyskyhy,7.3.2",17:38:03,-05:00:00,18:46:23,Gokcen Buyukbas 2022-08-12-XFH-000-02.IGC,1.1,False,1932.0
29.0,John Davis,,USA,12:36:20,,,,24.38,119.2,,119.0,6,M,,,B,176,176,12.08.2022,,12:15:59,01:00:58,0.0,86,1470,1556,144,2783,-58,-4.0,5.8,0,48.46,32.3,NKN,777 Knight,"Volirium, P1",17:15:59,-05:00:00,18:16:57,John Davis 2022-08-12-John-Davis-01.igc,1.0,False,698.0
21.0,Josh Mcveigh,,USA,11:45:22,,,,14.86,72.6,,73.0,6,M,,,C,167,167,12.08.2022,,11:29:19,00:41:17,0.0,79,1421,1500,120,2114,-41,-4.6,5.2,0,34.23,22.8,,Air Design Volt 4,"Flyskyhy,7.3.2",16:29:19,-05:00:00,17:10:36,Josh McVeigh 2022-08-12-XFH-000-01.IGC,0.7,False,1962.0
3.0,Robert Simpson,,USA,12:47:20,,,,12.37,60.5,,61.0,6,M,,,B,180,180,12.08.2022,,12:30:29,00:35:06,0.0,78,1354,1432,129,1702,-51,-4.6,4.2,0,30.19,20.1,,Ozone Rush 4,"Flyskyhy,7.3.2",17:30:29,-05:00:00,18:05:35,Robert Simpson 2022-08-12-XFH-000-01.IGC,0.6,False,1234.0
42.0,Corbin Petersen,,USA,12:11:32,,,,11.52,56.3,,56.0,6,M,,,B,173,173,12.08.2022,,11:51:07,00:44:24,0.0,90,1221,1311,108,1783,-18,-4.4,6.4,0,28.72,19.1,,,"Flyskyhy,7.3.2",16:51:07,-05:00:00,17:35:31,Corbin Petersen 2022-08-12-XFH-000-01.IGC,0.7,False,545.0
22.0,Michael Bene,,USA,11:58:13,,,,10.62,51.9,,52.0,6,M,,,B,171,171,12.08.2022,,11:40:38,00:47:56,0.0,71,1204,1275,119,1865,-48,-3.4,7.4,0,26.22,17.5,,Default,"Oudie 4 Full,Y",16:40:38,-05:00:00,17:28:34,Michael Bene 2022-08-12-XCM-4YF-01.igc,0.8,False,336.0
4.0,Esau Diaz,,USA,11:35:44,,,,7.0,34.2,,34.0,6,M,,,C,160,160,12.08.2022,,11:14:37,00:32:45,0.0,71,1134,1205,113,1249,-42,-3.2,3.8,0,19.39,12.9,,Default,"Oudie 4 Full,R",16:14:37,-05:00:00,16:47:22,Esau Diaz 2022-08-12-XCM-KZS-02.igc,0.5,False,1038.0
7.0,Lindsey Ripa,,USA,,,,,7.0,34.2,,34.0,6,F,,,C,178,178,12.08.2022,,12:23:31,00:07:42,0.0,81,330,411,85,376,-4,-3.6,3.8,0,3.34,1.9,,Ozone Delta 4,"Flyskyhy,7.3.2",17:23:31,-05:00:00,17:31:13,Lindsey Ripa 2022-08-12-XFH-000-01.IGC,0.1,False,648.0
14.0,Roxanne Lopez,,USA,12:01:03,,,,7.0,34.2,,34.0,6,F,,,B,170,170,12.08.2022,,11:40:06,00:32:42,0.0,74,1091,1165,95,1340,-21,-4.4,5.0,0,19.58,13.1,NKN,Nova Ion 4,"Naviter,Oudie N",16:40:06,-05:00:00,17:12:48,Roxanne Lopez 2022-08-12-XNA-150045-02.igc,0.5,False,482.0
48.0,Chandler Papas,,USA,13:30:01,,,,7.0,34.2,,34.0,6,M,,,C,185,185,12.08.2022,,13:12:59,00:33:03,0.0,82,1448,1530,94,1509,-12,-4.4,5.8,0,22.73,15.2,NKN,Gin Camino,"Naviter,Oudie N",18:12:59,-05:00:00,18:46:02,Chandler Papas 2022-08-12-XNA-150644-03.igc,0.6,False,2352.0
43.0,Emily Petersen,,USA,11:22:15,,,,7.0,34.2,,34.0,6,F,,,B,158,158,12.08.2022,,11:04:43,00:38:25,0.0,85,1047,1132,112,1434,-27,-5.0,6.4,0,19.93,13.3,,,"Flyskyhy,7.3.2",16:04:43,-05:00:00,16:43:08,Emily Petersen 2022-08-12-XFH-000-01.IGC,0.6,False,297.0
45.0,Thomas Mccormick,,USA,,,,,7.0,34.2,,34.0,6,M,,,C,184,184,12.08.2022,,12:58:32,00:12:19,0.0,80,532,612,80,618,0,-3.2,5.6,0,8.71,5.8,NKN,NKN,"Flymaster,DS",17:58:32,-05:00:00,18:10:51,Tom McCormick 2022-08-12_17_58_20.igc,0.2,False,2260.0
47.0,Zakey Faieq,,USA,11:23:26,,,,7.0,34.2,,34.0,6,M,,,B,157,157,12.08.2022,?,11:00:39,00:43:31,0.0,94,953,1047,105,1551,-11,-3.8,4.4,0,22.11,14.7,,GIN GLIDERS Calypso,Google Pixel 6 12 FW:0.9.7.6,16:00:39,-05:00:00,16:44:10,Zakey Faieq 2022-08-12-XCT-ZFX-01.igc,0.7,False,1281.0
34.0,Christopher Dunlap,,USA,,,,,7.0,34.2,,34.0,6,M,,,B,182,182,12.08.2022,,12:40:34,00:09:09,0.0,80,523,603,81,489,-1,-3.2,4.0,0,6.15,3.5,NKN,NKN,"Flymaster,NAVSD,B302",17:40:34,-05:00:00,17:49:43,Christopher Dunlap 220812174022.igc,0.2,False,435.0
9.0,Austin Kasserman,,USA,13:09:08,14:09:52,01:00:44,56.5,59.17,312.7,341.3,654.0,7,M,,,D,207,207,13.08.2022,,12:59:41,01:21:36,0.0,78,1817,1895,134,4212,-56,-4.2,5.2,0,99.73,66.5,,Zeno2 Ozone,"Flyskyhy,7.3.2",17:59:41,-05:00:00,19:21:17,Austin Kasserman 2022-08-13-XFH-000-01.IGC,1.4,True,5024.0
49.0,Dustin Pachura,,USA,13:47:18,14:48:28,01:01:10,56.1,59.17,312.7,328.6,641.0,7,M,,,C,210,210,13.08.2022,,13:32:24,01:28:12,0.0,85,1873,1958,140,4561,-55,-5.8,6.2,0,99.77,66.5,NKN,NKN,"Flymaster,LIVESD,B311",18:32:24,-05:00:00,20:00:36,Dustin Pachura 220813183213.igc,1.5,True,3469.0
30.0,Max Montgomery,,USA,14:17:13,15:21:49,01:04:36,53.1,59.17,312.7,286.7,599.0,7,M,,,D,215,215,13.08.2022,?,14:04:05,01:24:58,0.0,84,2152,2236,336,4892,-252,-6.6,7.6,0,98.76,65.8,,OZONE Zeno,Google Pixel 6 12 FW:0.9.7.6,19:04:05,-05:00:00,20:29:03,Max Montgomery 2022-08-13-XCT-MMO-02.igc,1.4,True,3343.0
20.0,Chris Lee,,USA,13:48:43,14:53:40,01:04:57,52.8,59.17,312.7,283.4,596.0,7,M,,,D,204,204,13.08.2022,?,12:43:57,02:41:07,0.0,93,1999,2092,140,7881,-47,-5.0,6.4,0,109.51,73.0,,ADVANCE Omega XAlps 3,motorola moto g(7) power 10 FW:0.9.7.6,17:43:57,-05:00:00,20:25:04,Chris Lee 2022-08-13-XCT-CLE-01.igc,2.7,True,3936.0
40.0,Tyler Burns,,USA,12:54:07,14:02:33,01:08:26,50.1,59.17,312.7,254.8,568.0,7,M,,,D,203,203,13.08.2022,,12:36:23,01:33:00,0.0,83,1679,1762,130,4915,-47,-5.4,6.4,0,100.89,67.3,,Ozone Zeolite GT,"Flyskyhy,7.3.2",17:36:23,-05:00:00,19:09:23,Tyler Burns 2022-08-13-XFH-000-01.IGC,1.6,True,4770.0
13.0,Ben Parker,,USA,12:44:54,13:58:08,01:13:14,46.8,59.17,312.7,221.9,535.0,7,M,,,C,202,202,13.08.2022,Unknown,12:33:12,01:32:55,0.0,82,1692,1774,174,4228,-92,-4.5,4.4,0,100.55,67.0,,,FW:202206271341 HW:2.1,17:33:12,-05:00:00,19:06:07,Ben Parker 2022-08-13_12.33_Unknown.igc,1.5,True,2850.0
35.0,David Prentice,,USA,13:50:20,15:06:57,01:16:37,44.8,59.17,312.7,201.2,514.0,7,M,,,C,212,212,13.08.2022,,13:40:12,01:36:00,0.0,85,1689,1774,177,4543,-92,-4.2,6.0,0,100.03,66.7,,Default,Oudie 4 HW:1.0,18:40:12,-05:00:00,20:16:12,David Prentice 2022-08-13-XCM-I1S-01.igc,1.6,True,3626.0
21.0,Josh Mcveigh,,USA,12:00:00,13:21:36,01:21:36,42.0,59.17,312.7,173.2,486.0,7,M,,,C,190,190,13.08.2022,,11:34:25,01:58:59,0.0,84,1779,1863,136,5571,-52,-4.2,5.4,0,102.85,68.6,,Air Design Volt 4,"Flyskyhy,7.3.2",16:34:25,-05:00:00,18:33:24,Josh McVeigh 2022-08-13-XFH-000-01.IGC,2.0,True,2448.0
47.0,Zakey Faieq,,USA,12:00:00,13:24:20,01:24:20,40.7,59.17,312.7,158.8,472.0,7,M,,,B,189,189,13.08.2022,?,11:31:51,02:00:07,0.0,85,1772,1857,128,4757,-43,-4.2,4.6,0,102.92,68.6,,GIN GLIDERS Calypso,Google Pixel 6 12 FW:0.9.7.6,16:31:51,-05:00:00,18:31:58,Zakey Faieq 2022-08-13-XCT-ZFX-01.igc,2.0,True,1753.0
18.0,Rick Fullmer,,USA,12:17:57,13:50:23,01:32:26,37.1,59.17,312.7,119.2,432.0,7,M,,,C,194,194,13.08.2022,,12:00:16,02:05:23,0.0,83,1887,1970,116,4958,-33,-4.8,6.8,0,103.61,69.1,,Gin Explorer2,"Flyskyhy,7.3.2",17:00:16,-05:00:00,19:05:39,Rick Fullmer 2022-08-13-XFH-000-02.IGC,2.1,True,3105.0
10.0,Moacir Thiele,,USA,12:45:30,13:55:11,01:09:41,49.2,57.94,306.2,61.4,368.0,7,M,,,C,201,201,13.08.2022,,12:31:25,01:27:53,0.0,85,1785,1870,128,4112,-43,-4.8,7.0,0,97.35,64.9,,777 QUEEN 2 Evo,"Flyskyhy,7.3.2",17:31:25,-05:00:00,18:59:18,Moacir Thiele 2022-08-13-XFH-000-01.IGC,1.5,True,2674.0
41.0,Brandon Brantley,,USA,12:11:12,13:58:29,01:47:17,32.0,59.17,312.7,54.3,367.0,7,M,,,B,191,191,13.08.2022,,11:46:30,02:25:12,0.0,85,1821,1906,146,6375,-61,-5.0,4.8,0,105.58,70.4,,Gin Calypso S,"Flyskyhy,7.3.2",16:46:30,-05:00:00,19:11:42,Brandon Brantley 2022-08-13-XFH-000-01.IGC,2.4,True,825.0
45.0,Thomas Mccormick,,USA,14:03:04,15:18:33,01:15:29,45.4,58.61,309.7,52,362.0,7,M,,,C,211,211,13.08.2022,,13:34:31,00:10:04,0.0,79,1929,2008,80,4370,-1,-3.8,3.6,0,6.03,3.0,NKN,NKN,"Flymaster,DS",18:34:31,-05:00:00,18:44:35,Thomas McCormick 2022-08-13_18_34_18.igc,0.2,True,2622.0
12.0,Valter Castilho,,USA,12:17:33,14:10:25,01:52:52,30.4,59.17,312.7,31.8,345.0,7,M,,,C,195,195,13.08.2022,,12:00:57,02:19:53,0.0,80,1640,1720,132,5854,-52,-4.6,6.0,0,110.79,73.9,NKN,NKN,"Flymaster,LiveSD,B301",17:00:57,-05:00:00,19:20:50,Valter Castilho 2022-08-13 17_00_42.igc,2.3,True,2278.0
44.0,Felix Figueroa,,USA,12:22:03,,,,43.25,228.6,,229.0,7,M,,,D,197,197,13.08.2022,?,12:07:07,01:23:23,0.0,81,1541,1622,146,3801,-65,-4.0,6.2,0,78.25,52.2,,GIN GLIDERS Puma,samsung SM-G973U 12 FW:0.9.8.1-beta,17:07:07,-05:00:00,18:30:30,Felix Figueroa 2022-08-13-XCT-FFI-01.igc,1.4,False,2847.0
37.0,Gokcen Buyukbas,,USA,14:17:14,,,,39.65,209.5,,210.0,7,F,,,C,214,214,13.08.2022,,14:00:31,01:46:46,0.0,91,2069,2160,171,5622,-80,-6.2,5.4,0,106.18,70.8,,Ozone Alpina 4,"Flyskyhy,7.3.2",19:00:31,-05:00:00,20:47:17,Gokcen Buyukbas 2022-08-13-XFH-000-02.IGC,1.8,False,2142.0
43.0,Emily Petersen,,USA,12:26:32,,,,37.78,199.7,,200.0,7,F,,,B,196,196,13.08.2022,,12:06:27,00:36:01,0.0,85,1633,1718,696,3762,-611,-4.0,6.6,0,24.15,16.1,,,"Flyskyhy,7.3.2",17:06:27,-05:00:00,17:42:28,Emily Petersen 2022-08-13-XFH-000-01.IGC,0.6,False,497.0
48.0,Chandler Papas,,USA,13:09:03,,,,29.58,156.3,,156.0,7,M,,,C,206,206,13.08.2022,,12:54:51,00:12:42,0.0,81,1572,1653,1438,2420,-1357,-1.8,5.0,0,7.82,5.2,NKN,Gin Camino,"Naviter,Oudie N",17:54:51,-05:00:00,18:07:33,Chandler Papas 2022-08-13-XNA-150644-02.igc,0.2,False,2508.0
34.0,Christopher Dunlap,,USA,12:28:01,,,,21.21,112.1,,112.0,7,M,,,B,199,199,13.08.2022,,12:16:43,00:45:17,0.0,79,1111,1190,134,2030,-55,-4.6,6.6,0,42.25,28.2,NKN,NKN,"Flymaster,NAVSD,B302",17:16:43,-05:00:00,18:02:00,Christopher Dunlap 220813171631.igc,0.8,False,547.0
27.0,David Siljeg,,CRO,14:04:15,,,,17.24,91.1,,91.0,7,M,,,C,213,213,13.08.2022,?,13:47:45,00:40:28,0.0,84,1525,1609,421,2632,-337,-5.0,7.8,0,35.85,23.9,,OZONE Delta 4,samsung SM-G998U1 12 FW:0.9.8.1-beta,18:47:45,-05:00:00,19:28:13,David Siljeg 2501653.igc,0.7,False,2566.0
23.0,Andrew Dahl,,USA,13:09:00,,,,16.89,89.3,,89.0,7,M,,,D,205,205,13.08.2022,,12:54:12,00:35:12,0.0,82,1573,1655,134,1589,-52,-4.0,5.0,0,35.62,23.7,NKN,NKN,"Flymaster,DS",17:54:12,-05:00:00,18:29:24,Andrew Dahl 2022-08-13_17_53_56.igc,0.6,False,4190.0
22.0,Michael Bene,,USA,12:36:31,,,,15.93,84.2,,84.0,7,M,,,B,200,200,13.08.2022,,12:24:16,00:39:11,0.0,84,1271,1355,146,1677,-62,-3.2,5.8,0,34.75,23.2,,Default,"Oudie 4 Full,Y",17:24:16,-05:00:00,18:03:27,Michael Bene 2022-08-13-XCM-4YF-01.igc,0.7,False,420.0
4.0,Esau Diaz,,USA,13:22:01,,,,14.7,77.7,,78.0,7,M,,,C,209,209,13.08.2022,,13:08:56,00:32:56,0.0,82,1066,1148,125,1457,-43,-4.0,5.8,0,32.5,21.7,,Default,"Oudie 4 Full,R",18:08:56,-05:00:00,18:41:52,Esau 2022-08-13-XCM-KZS-01.igc,0.5,False,1116.0
42.0,Corbin Petersen,,USA,12:18:36,,,,13.88,73.4,,73.0,7,M,,,B,193,193,13.08.2022,,11:55:28,00:08:54,0.0,83,1510,1593,612,1845,-529,-3.8,4.4,0,4.74,2.7,,,"Flyskyhy,7.3.2",16:55:28,-05:00:00,17:04:22,Corbin Petersen 2022-08-13-XFH-000-01.IGC,0.1,False,618.0
3.0,Robert Simpson,,USA,13:15:16,,,,12.62,66.7,,67.0,7,M,,,B,208,208,13.08.2022,,13:04:29,00:30:46,0.0,80,1515,1595,130,1777,-50,-3.4,5.2,0,29.16,19.4,,Ozone Rush 4,"Flyskyhy,7.3.2",18:04:29,-05:00:00,18:35:15,Robert Simpson 2022-08-13-XFH-000-01.IGC,0.5,False,1301.0
15.0,Robin Hamilton,,USA,14:50:59,,,,10.36,54.7,,55.0,7,M,,,B,216,216,13.08.2022,,14:37:43,00:29:45,0.0,83,1166,1249,125,1387,-42,-3.8,5.7,0,26.17,17.4,not set,not set,"FLYTEC,6030",19:37:43,-05:00:00,20:07:28,Robin Hamilton 28DB2151.IGC,0.5,False,1904.0
25.0,Andria Lea,,USA,12:25:52,,,,7.0,37,,37.0,7,F,,,C,198,198,13.08.2022,,12:11:55,00:26:27,0.0,82,1066,1148,294,1127,-212,-4.0,5.0,0,18.24,12.2,,Triple Seven Rook 3,"Flyskyhy,7.3.2",17:11:55,-05:00:00,17:38:22,Andria Lea-2022-08-13-XFH-000-02.IGC,0.4,False,811.0
14.0,Roxanne Lopez,,USA,,,,,7.0,37,,37.0,7,F,,,B,192,192,13.08.2022,,11:55:10,00:09:27,0.0,96,536,632,80,558,16,-3.6,4.8,0,4.56,2.3,NKN,Nova Ion 4,"Naviter,Oudie N",16:55:10,-05:00:00,17:04:37,Roxanne Lopez 2022-08-13-XNA-150045-01.igc,0.2,False,519.0
